City_ID,City,Country,Date,Lat,Lng,Max Temp,Humidity,Cloudiness,Wind Speed
0,Susangerd,IR,2022-06-06 17:14:34,31.5608,48.1831,109.11,6,47,9.8
1,Avarua,CK,2022-06-06 17:14:34,-21.2078,-159.775,77.05,88,40,11.5
2,Busselton,AU,2022-06-06 17:09:43,-33.65,115.3333,51.04,74,0,12.26
3,Bubaque,GW,2022-06-06 17:14:35,11.2833,-15.8333,81.16,79,79,12.5
4,Mataura,NZ,2022-06-06 17:14:35,-46.1927,168.8643,48.47,88,92,4.41
5,Ushuaia,AR,2022-06-06 17:12:07,-54.8,-68.3,38.82,80,20,2.3
6,Atuona,PF,2022-06-06 17:14:35,-9.8,-139.0333,77.99,74,16,14.7
7,Zeerust,ZA,2022-06-06 17:14:03,-25.5369,26.0751,54.25,45,1,3.74
8,Tasiilaq,GL,2022-06-06 17:13:41,65.6145,-37.6368,41.16,66,98,5.12
9,Komsomolskiy,UZ,2022-06-06 17:14:36,40.4272,71.7189,81.32,26,26,4.61
10,Hongjiang,CN,2022-06-06 17:14:36,27.11,109.9956,73.76,94,95,0.94
11,Barrow,US,2022-06-06 17:13:44,71.2906,-156.7887,24.82,93,100,16.11
12,Santa Cruz,BO,2022-06-06 17:10:30,-17.8,-63.1667,85.46,62,40,13.8
13,Hithadhoo,MV,2022-06-06 17:14:37,-0.6,73.0833,83.61,71,96,4.16
14,Arrecife,ES,2022-06-06 17:14:37,28.963,-13.5477,75.18,57,20,20.71
15,Faya,SA,2022-06-06 17:14:37,18.3851,42.4509,70.32,26,2,0.85
16,Burnie,AU,2022-06-06 17:14:38,-41.0667,145.9167,44.02,82,98,12.26
17,Port Alfred,ZA,2022-06-06 17:12:25,-33.5906,26.891,64.18,51,2,3.53
18,Muros,ES,2022-06-06 17:14:38,42.7762,-9.0603,70.09,70,36,6.53
19,Vaini,TO,2022-06-06 17:12:29,-21.2,-175.2,74.28,70,49,17.52
20,Nome,US,2022-06-06 17:14:39,64.5011,-165.4064,64.47,42,100,0.0
21,Samarai,PG,2022-06-06 17:14:39,-10.6167,150.6667,80.78,76,82,7.54
22,Ambulu,ID,2022-06-06 17:14:40,-8.345,113.6058,76.21,91,20,3.11
23,Barabai,ID,2022-06-06 17:14:40,-2.5833,115.3833,73.2,97,27,1.1
24,Kapaa,US,2022-06-06 17:14:40,22.0752,-159.319,73.38,92,100,5.75
25,Sao Miguel Do Araguaia,BR,2022-06-06 17:14:40,-13.275,-50.1628,91.87,25,2,5.64
26,Miri,MY,2022-06-06 17:14:41,4.4148,114.0089,78.42,84,93,2.44
27,Marawi,PH,2022-06-06 17:10:52,7.9986,124.2928,69.21,90,80,3.62
28,Butaritari,KI,2022-06-06 17:14:41,3.0707,172.7902,81.48,76,43,14.29
29,Chokurdakh,RU,2022-06-06 17:14:42,70.6333,147.9167,35.06,71,14,12.91
30,Tres Arroyos,AR,2022-06-06 17:14:42,-38.3739,-60.2798,63.03,41,72,10.6
31,Victoria,HK,2022-06-06 17:12:23,22.2855,114.1577,84.38,88,100,8.01
32,Ponta Delgada,PT,2022-06-06 17:14:42,37.7333,-25.6667,66.92,94,75,13.8
33,Kropotkin,RU,2022-06-06 17:14:43,45.4375,40.5756,71.58,57,100,10.71
34,Boca Do Acre,BR,2022-06-06 17:14:43,-8.7522,-67.3978,91.02,46,100,2.84
35,Qaanaaq,GL,2022-06-06 17:14:43,77.484,-69.3632,33.66,63,52,1.61
36,Necochea,AR,2022-06-06 17:14:44,-38.5473,-58.7368,62.62,48,64,11.03
37,Hobart,AU,2022-06-06 17:13:07,-42.8794,147.3294,41.25,83,40,8.05
38,Saint George,US,2022-06-06 17:13:44,37.1041,-113.5841,91.63,19,0,4.61
39,Isangel,VU,2022-06-06 17:14:44,-19.55,169.2667,72.97,81,22,6.67
40,Rabo De Peixe,PT,2022-06-06 17:14:45,37.8,-25.5833,65.71,94,75,13.8
41,Clyde River,CA,2022-06-06 17:14:45,70.4692,-68.5914,42.06,63,30,6.29
42,Makakilo City,US,2022-06-06 17:12:33,21.3469,-158.0858,75.52,77,0,3.44
43,Fortuna,US,2022-06-06 17:14:45,40.5982,-124.1573,59.86,91,100,5.75
44,Cam Ranh,VN,2022-06-06 17:14:46,11.9214,109.1591,82.36,74,20,1.14
45,Hami,CN,2022-06-06 17:14:46,42.8,93.45,78.58,14,41,19.69
46,Leningradskiy,RU,2022-06-06 17:14:46,69.3833,178.4167,32.34,89,100,7.9
47,Jamestown,US,2022-06-06 17:13:29,42.097,-79.2353,80.53,40,0,13.0
48,Carnarvon,AU,2022-06-06 17:11:10,-24.8667,113.6333,70.63,50,0,4.23
49,Caravelas,BR,2022-06-06 17:15:48,-17.7125,-39.2481,76.93,53,74,4.85
50,Morehead,US,2022-06-06 17:15:48,37.2711,-87.1764,77.99,76,75,9.22
51,Sur,OM,2022-06-06 17:15:49,22.5667,59.5289,87.4,59,5,13.91
52,Shumskiy,RU,2022-06-06 17:15:49,54.8318,99.1328,44.31,71,100,7.36
53,Punta Arenas,CL,2022-06-06 17:15:49,-53.15,-70.9167,37.42,93,75,16.11
54,Kahului,US,2022-06-06 17:11:29,20.8947,-156.47,78.84,64,0,8.01
55,Cape Town,ZA,2022-06-06 17:13:35,-33.9258,18.4232,70.27,37,9,5.41
56,Yellowknife,CA,2022-06-06 17:13:30,62.456,-114.3525,66.56,37,95,8.01
57,Sungai Padi,TH,2022-06-06 17:15:50,6.0851,101.8766,76.78,96,90,1.81
58,Bijie,CN,2022-06-06 17:15:51,27.3125,105.2942,60.46,74,100,3.44
59,Kavaratti,IN,2022-06-06 17:15:51,10.5669,72.642,83.88,76,100,17.09
60,Husavik,IS,2022-06-06 17:11:01,66.0449,-17.3389,46.13,58,26,10.4
61,Bluff,NZ,2022-06-06 17:15:51,-46.6,168.3333,49.8,77,83,10.2
62,Ribeira Grande,PT,2022-06-06 17:15:52,38.5167,-28.7,66.6,94,75,12.66
63,Pevek,RU,2022-06-06 17:15:52,69.7008,170.3133,30.49,82,73,4.38
64,Veraval,IN,2022-06-06 17:15:52,20.9,70.3667,83.05,83,67,9.26
65,Talnakh,RU,2022-06-06 17:15:53,69.4865,88.3972,36.21,59,96,3.49
66,Bredasdorp,ZA,2022-06-06 17:12:21,-34.5322,20.0403,61.09,42,0,3.18
67,Yulara,AU,2022-06-06 17:15:53,-25.2406,130.9889,49.66,54,52,10.89
68,New Norfolk,AU,2022-06-06 17:15:53,-42.7826,147.0587,40.91,82,34,3.0
69,Meulaboh,ID,2022-06-06 17:15:54,4.1363,96.1285,75.99,91,100,8.48
70,Krutikha,RU,2022-06-06 17:15:54,53.9599,81.2093,47.01,59,66,4.99
71,Souillac,MU,2022-06-06 17:15:55,-20.5167,57.5167,71.98,83,40,2.3
72,Saskylakh,RU,2022-06-06 17:15:55,71.9167,114.0833,35.65,78,54,4.41
73,Luderitz,NA,2022-06-06 17:15:55,-26.6481,15.1594,67.28,39,2,5.75
74,Lebu,CL,2022-06-06 17:12:29,-37.6167,-73.65,53.74,83,100,14.56
75,Larsnes,NO,2022-06-06 17:15:56,62.2028,5.5773,64.81,68,22,8.81
76,Ambilobe,MG,2022-06-06 17:15:56,-13.2,49.05,72.03,71,60,4.43
77,Albany,US,2022-06-06 17:15:40,42.6001,-73.9662,78.64,40,71,3.78
78,Sakakah,SA,2022-06-06 17:15:57,29.9697,40.2064,101.77,10,60,11.12
79,Linqing,CN,2022-06-06 17:15:57,36.8456,115.7117,68.94,43,0,8.05
80,Gat,IL,2022-06-06 17:15:57,31.61,34.7642,79.39,100,42,7.7
81,Saint-Pierre,RE,2022-06-06 17:15:57,-21.3393,55.4781,73.08,60,75,8.05
82,Khani,GE,2022-06-06 17:15:58,41.9563,42.9566,62.17,99,83,3.44
83,Chuy,UY,2022-06-06 17:15:58,-33.6971,-53.4616,59.61,73,100,7.61
84,Vuktyl,RU,2022-06-06 17:15:58,63.8567,57.3094,59.23,44,44,7.65
85,Cabo San Lucas,MX,2022-06-06 17:13:48,22.8909,-109.9124,90.7,61,0,8.05
86,Thompson,CA,2022-06-06 17:12:45,55.7435,-97.8558,60.44,22,46,7.25
87,Nelson Bay,AU,2022-06-06 17:15:59,-32.7167,152.15,50.09,76,0,1.99
88,Willemstad,CW,2022-06-06 17:14:49,12.1084,-68.9335,81.01,83,47,21.52
89,Gillette,US,2022-06-06 17:13:33,44.2911,-105.5022,64.02,65,100,5.75
90,Port Hardy,CA,2022-06-06 17:12:47,50.6996,-127.4199,51.82,84,100,9.6
91,East London,ZA,2022-06-06 17:12:26,-33.0153,27.9116,66.69,50,3,5.35
92,Inhambane,MZ,2022-06-06 17:16:00,-23.865,35.3833,68.72,66,41,13.58
93,Saint-Philippe,RE,2022-06-06 17:14:56,-21.3585,55.7679,74.79,79,39,8.61
94,Havoysund,NO,2022-06-06 17:17:00,70.9963,24.6622,48.43,58,19,18.95
95,Zhangjiakou,CN,2022-06-06 17:17:00,40.81,114.8794,59.85,41,2,4.61
96,Nanortalik,GL,2022-06-06 17:17:01,60.1432,-45.2371,40.98,79,100,1.19
97,Godo,JP,2022-06-06 17:17:01,35.4167,136.6,66.97,100,94,4.25
98,Torbay,CA,2022-06-06 17:15:05,47.6666,-52.7314,57.27,63,75,10.76
99,Rikitea,PF,2022-06-06 17:17:01,-23.1203,-134.9692,72.54,71,93,19.22
100,Curup,ID,2022-06-06 17:17:02,-3.4667,102.5333,68.49,97,100,1.79
101,Hilo,US,2022-06-06 17:17:02,19.7297,-155.09,85.28,78,0,8.05
102,Alvorada,BR,2022-06-06 17:17:03,-12.48,-49.1247,91.74,25,0,6.73
103,Camacha,PT,2022-06-06 17:17:03,33.0833,-16.3333,67.42,73,75,12.66
104,Faanui,PF,2022-06-06 17:17:03,-16.4833,-151.75,80.83,72,15,17.78
105,Mayo,US,2022-06-06 17:13:43,38.8876,-76.5119,83.66,40,0,12.66
106,Villa Maria,AR,2022-06-06 17:13:07,-32.4075,-63.2402,65.82,53,0,3.29
107,Luau,AO,2022-06-06 17:17:04,-10.7073,22.2247,65.03,37,14,5.17
108,Gazanjyk,TM,2022-06-06 17:17:04,39.2446,55.5154,94.23,9,0,9.6
109,Maceio,BR,2022-06-06 17:13:47,-9.6658,-35.7353,80.04,69,75,16.11
110,Korla,CN,2022-06-06 17:17:05,41.7597,86.1469,80.24,11,100,3.69
111,Moose Factory,CA,2022-06-06 17:17:05,51.2585,-80.6094,66.2,63,75,8.05
112,Opuwo,NA,2022-06-06 17:17:05,-18.0607,13.84,64.78,31,19,8.72
113,Penticton,CA,2022-06-06 17:14:20,49.4806,-119.5858,66.58,51,46,2.66
114,Artigas,UY,2022-06-06 17:17:06,-30.4,-56.4667,58.19,93,100,7.72
115,Mecca,SA,2022-06-06 17:15:34,21.4267,39.8261,93.96,25,5,7.2
116,Broome,US,2022-06-06 17:17:06,42.2506,-75.833,80.02,44,0,10.36
117,Nikolskoye,RU,2022-06-06 17:17:07,59.7035,30.7861,58.91,53,5,5.79
118,Maniitsoq,GL,2022-06-06 17:17:07,65.4167,-52.9,43.16,58,0,17.31
119,Kulhudhuffushi,MV,2022-06-06 17:17:07,6.6221,73.07,82.72,79,100,14.27
120,Mizdah,LY,2022-06-06 17:17:08,31.4451,12.9801,97.59,13,0,11.65
121,Hervey Bay,AU,2022-06-06 17:17:08,-25.2986,152.8535,59.92,66,37,10.58
122,Katsuura,JP,2022-06-06 17:16:58,35.1333,140.3,63.57,91,100,20.11
123,Norman Wells,CA,2022-06-06 17:17:08,65.282,-126.8329,50.04,71,75,11.5
124,Araouane,ML,2022-06-06 17:17:09,18.9048,-3.5265,109.45,5,0,10.54
125,Rorvik,NO,2022-06-06 17:17:09,64.8621,11.2373,55.38,62,0,14.97
126,Lagoa,PT,2022-06-06 17:16:20,39.05,-27.9833,65.07,93,99,22.64
127,Constitucion,CL,2022-06-06 17:17:09,-35.3333,-72.4167,58.75,74,49,4.5
128,Ixtapa,MX,2022-06-06 17:17:10,20.7,-105.2,81.63,69,0,9.22
129,Byron Bay,AU,2022-06-06 17:17:10,-28.65,153.6167,52.84,62,39,10.4
130,Dombarovskiy,RU,2022-06-06 17:17:10,50.7587,59.5386,70.77,52,78,21.41
131,Bathsheba,BB,2022-06-06 17:17:11,13.2167,-59.5167,88.41,66,40,24.16
132,Antalaha,MG,2022-06-06 17:17:11,-14.9003,50.2788,71.02,84,79,9.24
133,Kiama,AU,2022-06-06 17:17:12,-34.6833,150.8667,52.45,64,9,13.0
134,Khatanga,RU,2022-06-06 17:17:12,71.9667,102.5,37.78,91,27,5.41
135,Vestmannaeyjar,IS,2022-06-06 17:17:13,63.4427,-20.2734,52.79,87,75,16.11
136,San Patricio,US,2022-06-06 17:17:13,28.017,-97.5169,93.92,39,6,18.86
137,Mar Del Plata,AR,2022-06-06 17:15:40,-38.0023,-57.5575,64.42,60,0,8.05
138,Diamantino,BR,2022-06-06 17:17:14,-14.4086,-56.4461,93.34,29,11,8.19
139,Omboue,GA,2022-06-06 17:17:14,-1.5746,9.2618,76.78,80,61,8.59
140,Severo-Kurilsk,RU,2022-06-06 17:17:14,50.6789,156.125,42.46,90,100,6.85
141,Markova,UA,2022-06-06 17:18:15,48.6758,24.4138,64.22,72,16,7.63
142,Alofi,NU,2022-06-06 17:18:15,-19.0595,-169.9187,71.49,94,100,5.75
143,Ponta Do Sol,PT,2022-06-06 17:17:42,32.6667,-17.1,76.01,79,45,0.36
144,Sinnamary,GF,2022-06-06 17:18:15,5.3833,-52.95,78.4,86,100,5.95
145,Bay Roberts,CA,2022-06-06 17:18:16,47.5999,-53.2648,62.35,56,94,5.99
146,Pontianak,ID,2022-06-06 17:18:16,-0.0333,109.3333,76.98,100,27,2.3
147,Shakawe,BW,2022-06-06 17:18:17,-18.3667,21.85,60.37,34,82,6.42
148,Hermanus,ZA,2022-06-06 17:18:17,-34.4187,19.2345,66.34,42,2,5.75
149,Cayenne,GF,2022-06-06 17:16:03,4.9333,-52.3333,75.24,1,75,2.3
150,Ihosy,MG,2022-06-06 17:18:17,-22.4,46.1167,60.13,92,31,12.8
151,Flinders,AU,2022-06-06 17:18:18,-34.5833,150.8552,52.25,65,12,8.99
152,Manama,BH,2022-06-06 17:18:18,26.2154,50.5832,93.38,49,0,4.61
153,Gerash,IR,2022-06-06 17:18:18,27.6652,54.1371,91.54,16,9,6.67
154,Chokwe,MZ,2022-06-06 17:18:19,-24.5333,32.9833,62.69,74,11,5.93
155,Penzance,GB,2022-06-06 17:18:19,50.1186,-5.5371,60.12,94,40,14.97
156,Chama,CH,2022-06-06 17:18:19,47.1821,8.4636,76.28,67,75,4.61
157,Arraial Do Cabo,BR,2022-06-06 17:18:20,-22.9661,-42.0278,78.76,47,0,14.97
158,Puerto Ayora,EC,2022-06-06 17:18:20,-0.7393,-90.3518,76.96,87,62,4.0
159,Marzuq,YE,2022-06-06 17:18:20,14.4,46.4667,81.1,45,98,8.23
160,Tuktoyaktuk,CA,2022-06-06 17:18:21,69.4541,-133.0374,28.4,80,75,11.5
161,Yar-Sale,RU,2022-06-06 17:18:21,66.8333,70.8333,42.84,63,96,9.98
162,Mahebourg,MU,2022-06-06 17:18:21,-20.4081,57.7,71.89,83,40,2.3
163,Pathein,MM,2022-06-06 17:18:22,16.7833,94.7333,77.72,90,100,6.33
164,Nyurba,RU,2022-06-06 17:18:22,63.2842,118.3319,51.87,96,43,3.87
165,Mangrol,IN,2022-06-06 17:18:23,21.1167,70.1167,83.01,83,86,9.13
166,Hohhot,CN,2022-06-06 17:18:23,40.8106,111.6522,61.09,33,0,8.95
167,Tazmalt,DZ,2022-06-06 17:18:23,36.3868,4.3989,96.24,26,89,8.61
168,Loiza,PR,2022-06-06 17:18:23,18.4313,-65.8802,92.44,55,40,18.41
169,Umm Kaddadah,SD,2022-06-06 17:18:24,13.6017,26.6876,93.96,10,2,10.4
170,Velyka Oleksandrivka,UA,2022-06-06 17:18:24,47.3197,33.3037,68.27,56,81,9.24
171,Salta,AR,2022-06-06 17:16:34,-24.7859,-65.4117,70.57,46,20,5.01
172,Chapais,CA,2022-06-06 17:18:25,49.7834,-74.8492,62.38,43,56,3.85
173,Brigantine,US,2022-06-06 17:18:25,39.4101,-74.3646,82.2,41,0,8.05
174,Pangnirtung,CA,2022-06-06 17:18:25,66.1451,-65.7125,42.8,75,20,12.66
175,Aklavik,CA,2022-06-06 17:18:26,68.2191,-135.0107,41.27,59,18,7.87
176,Riyadh,SA,2022-06-06 17:16:28,24.6877,46.7219,96.94,5,29,7.99
177,Ilulissat,GL,2022-06-06 17:18:26,69.2167,-51.1,41.02,42,40,16.11
178,Haines Junction,CA,2022-06-06 17:18:27,60.7522,-137.5108,57.15,58,79,2.3
179,Vardo,NO,2022-06-06 17:18:27,70.3705,31.1107,44.58,81,0,5.75
180,Jacareacanga,BR,2022-06-06 17:18:27,-6.2222,-57.7528,83.95,77,90,1.72
181,Dicabisagan,PH,2022-06-06 17:18:28,17.0818,122.4157,80.04,86,64,4.92
182,Brae,GB,2022-06-06 17:18:28,60.3964,-1.353,55.06,76,33,10.11
183,Durusu,TR,2022-06-06 17:18:28,41.3053,28.6767,69.98,86,71,10.0
184,Geraldton,AU,2022-06-06 17:18:28,-28.7667,114.6,59.41,44,0,14.97
185,Zhigansk,RU,2022-06-06 17:18:29,66.7697,123.3711,55.42,88,91,1.99
186,Pisco,PE,2022-06-06 17:18:29,-13.7,-76.2167,69.85,68,0,11.5
187,Half Moon Bay,US,2022-06-06 17:15:02,37.4636,-122.4286,72.91,73,75,19.57
188,Winslow,US,2022-06-06 17:19:31,35.0242,-110.6974,84.38,18,0,0.0
189,Mount Gambier,AU,2022-06-06 17:19:31,-37.8333,140.7667,44.51,93,75,9.22
190,Cairns,AU,2022-06-06 17:19:19,-16.9167,145.7667,76.95,91,40,5.75
191,Mumford,GH,2022-06-06 17:19:31,5.2618,-0.759,80.74,73,100,6.6
192,Guerrero Negro,MX,2022-06-06 17:19:32,27.9769,-114.0611,67.78,73,98,16.53
193,Palana,RU,2022-06-06 17:19:32,59.1167,159.9667,41.29,90,100,1.59
194,Petrovskaya,RU,2022-06-06 17:19:32,45.4314,37.955,73.47,54,98,12.06
195,Camopi,GF,2022-06-06 17:19:33,3.1655,-52.3158,79.65,92,71,2.59
196,Arman,RU,2022-06-06 17:19:33,59.7,150.1667,50.02,73,77,3.87
197,Benguela,AO,2022-06-06 17:19:33,-12.5763,13.4055,74.8,61,52,1.21
198,Hovd,MN,2022-06-06 17:15:13,48.0056,91.6419,55.15,29,76,6.49
199,Hokitika,NZ,2022-06-06 17:19:34,-42.7167,170.9667,51.44,75,24,5.48
200,Beira,MZ,2022-06-06 17:19:34,-19.8436,34.8389,71.69,83,40,16.11
201,Andenes,NO,2022-06-06 17:19:34,69.3143,16.1194,49.98,50,75,28.77
202,Tarko-Sale,RU,2022-06-06 17:19:35,64.9225,77.785,41.11,48,61,4.12
203,Monroe,US,2022-06-06 17:18:24,43.1501,-77.6831,82.36,48,75,8.05
204,Castro,BR,2022-06-06 17:19:35,-24.7911,-50.0119,69.91,66,100,8.81
205,Sisimiut,GL,2022-06-06 17:19:35,66.9395,-53.6735,42.21,40,19,28.81
206,La Ronge,CA,2022-06-06 17:19:36,55.1001,-105.2842,59.25,36,20,10.36
207,Dikson,RU,2022-06-06 17:19:36,73.5069,80.5464,29.7,97,100,10.85
208,Mairipora,BR,2022-06-06 17:19:37,-23.3186,-46.5867,76.98,47,0,10.36
209,Road Town,VG,2022-06-06 17:19:37,18.4167,-64.6167,87.84,66,20,11.5
210,Ashland,US,2022-06-06 17:15:02,40.8167,-82.2665,78.03,65,87,13.87
211,Vanimo,PG,2022-06-06 17:19:38,-2.6741,141.3028,76.62,89,38,3.91
212,Sitka,US,2022-06-06 17:14:57,57.0531,-135.33,53.49,82,100,4.61
213,Saint-Denis,FR,2022-06-06 17:19:38,48.9167,2.3333,72.99,46,0,10.36
214,Morondava,MG,2022-06-06 17:19:38,-20.2833,44.2833,75.74,77,4,11.16
215,Bandarbeyla,SO,2022-06-06 17:19:39,9.4942,50.8122,82.0,71,98,23.13
216,Manjeshwar,IN,2022-06-06 17:19:39,12.7194,74.8861,81.55,84,100,2.33
217,San Quintin,MX,2022-06-06 17:19:39,30.4833,-115.95,68.4,75,61,14.97
218,Nieves,PH,2022-06-06 17:19:40,15.3274,120.9485,81.91,88,34,1.39
219,Mogadishu,SO,2022-06-06 17:19:40,2.0371,45.3438,79.14,84,15,21.7
220,Port-Gentil,GA,2022-06-06 17:19:40,-0.7193,8.7815,78.76,83,40,12.66
221,La Baule-Escoublac,FR,2022-06-06 17:19:40,47.2922,-2.364,62.71,90,100,12.66
222,Karpathos,GR,2022-06-06 17:19:41,35.507,27.2132,76.96,73,0,21.85
223,Anaconda,US,2022-06-06 17:19:41,46.1285,-112.9423,49.19,62,88,5.97
224,Codrington,AU,2022-06-06 17:19:41,-38.2667,141.9667,45.84,94,100,11.07
225,Le Port,RE,2022-06-06 17:19:42,-20.9373,55.2919,73.4,69,71,3.89
226,Bandar,ID,2022-06-06 17:19:42,2.05,99.75,72.03,99,87,2.95
227,Naze,JP,2022-06-06 17:19:42,28.3667,129.4833,68.92,82,100,4.61
228,Grindavik,IS,2022-06-06 17:19:43,63.8424,-22.4338,53.55,82,75,16.11
229,Luganville,VU,2022-06-06 17:19:43,-15.5333,167.1667,78.78,74,50,8.9
230,Belaya Gora,RU,2022-06-06 17:19:43,68.5333,146.4167,46.85,51,4,11.81
231,Derbent,RU,2022-06-06 17:19:44,42.0678,48.2899,74.61,69,8,3.69
232,Guadalupe Y Calvo,MX,2022-06-06 17:19:44,26.1,-106.9667,75.83,28,22,5.82
233,Bethel,US,2022-06-06 17:20:44,41.3712,-73.414,83.17,37,0,6.91
234,Kushmurun,KZ,2022-06-06 17:20:45,52.4503,64.6311,66.79,45,100,8.32
235,Shahr-E Babak,IR,2022-06-06 17:20:45,30.1165,55.1186,79.34,14,3,10.22
236,Portland,US,2022-06-06 17:16:59,45.5234,-122.6762,64.2,71,20,5.75
237,Gigmoto,PH,2022-06-06 17:20:45,13.7796,124.39,80.91,83,21,6.58
238,Sibolga,ID,2022-06-06 17:20:46,1.7427,98.7792,75.9,91,77,3.89
239,Gornyy,RU,2022-06-06 17:20:46,55.1153,83.9059,43.65,69,99,6.04
240,Batouri,CM,2022-06-06 17:20:47,4.4333,14.3667,72.39,85,96,0.87
241,Kupino,RU,2022-06-06 17:20:47,54.3663,77.2981,55.71,48,100,7.63
242,Harper,LR,2022-06-06 17:20:47,4.375,-7.7169,79.23,84,100,7.92
243,Mohanur,IN,2022-06-06 17:20:47,11.0833,78.1667,83.12,69,92,5.73
244,Cozumel,MX,2022-06-06 17:16:15,20.5083,-86.9458,87.94,76,40,8.05
245,Bambous Virieux,MU,2022-06-06 17:20:48,-20.3428,57.7575,71.85,83,40,2.3
246,College,US,2022-06-06 17:20:48,64.8569,-147.8028,63.09,39,20,4.61
247,Upernavik,GL,2022-06-06 17:20:49,72.7868,-56.1549,30.67,68,11,9.75
248,Coihaique,CL,2022-06-06 17:20:50,-45.5752,-72.0662,44.55,57,40,11.5
249,Lorengau,PG,2022-06-06 17:20:50,-2.0226,147.2712,80.53,78,79,4.79
250,Hauterive,FR,2022-06-06 17:20:51,46.0901,3.4459,70.56,74,99,2.59
251,Orlik,RU,2022-06-06 17:20:51,52.5178,99.825,43.09,80,100,3.8
252,Kadoshkino,RU,2022-06-06 17:20:51,54.0257,44.4191,55.49,91,15,8.86
253,Kempsey,AU,2022-06-06 17:20:52,-31.0833,152.8333,40.95,89,1,1.99
254,Chernyshevskiy,RU,2022-06-06 17:20:52,63.0128,112.4714,44.28,82,5,3.42
255,Vanersborg,SE,2022-06-06 17:20:53,58.3807,12.3234,69.75,49,100,12.66
256,Virginia Beach,US,2022-06-06 17:18:58,36.8529,-75.978,82.04,59,0,10.36
257,Altay,CN,2022-06-06 17:20:53,47.8667,88.1167,52.77,63,92,1.05
258,Honiara,SB,2022-06-06 17:20:53,-9.4333,159.95,75.54,86,30,5.7
259,Lerwick,GB,2022-06-06 17:20:54,60.1545,-1.1494,53.6,80,31,10.71
260,Woodward,US,2022-06-06 17:20:54,36.4337,-99.3904,83.43,61,0,0.0
261,Muravlenko,RU,2022-06-06 17:20:54,63.7898,74.523,43.12,64,99,7.56
262,Alekseyevsk,RU,2022-06-06 17:20:55,57.8406,108.3492,56.57,70,87,4.88
263,Vierzon,FR,2022-06-06 17:20:55,47.2101,2.0625,65.86,87,96,7.54
264,Alacranes,CU,2022-06-06 17:20:56,22.7675,-81.5675,81.09,71,62,9.48
265,Hamilton,US,2022-06-06 17:17:46,39.1834,-84.5333,77.77,85,75,11.5
266,Sanary-Sur-Mer,FR,2022-06-06 17:20:56,43.1178,5.8001,90.86,74,20,5.01
267,Novovasylivka,UA,2022-06-06 17:20:56,46.8315,35.7536,70.75,48,100,11.86
268,Menongue,AO,2022-06-06 17:20:57,-14.6585,17.691,58.19,44,99,5.39
269,Tiksi,RU,2022-06-06 17:20:57,71.6872,128.8694,36.09,96,100,4.36
270,Sao Filipe,CV,2022-06-06 17:20:57,14.8961,-24.4956,76.48,73,1,10.29
271,Kanniyakumari,IN,2022-06-06 17:20:58,8.0833,77.5667,80.02,85,100,16.67
272,Cananeia,BR,2022-06-06 17:20:58,-25.0147,-47.9267,73.89,68,100,3.36
273,Quatre Cocos,MU,2022-06-06 17:20:58,-20.2078,57.7625,71.71,77,9,12.66
274,Klaksvik,FO,2022-06-06 17:20:59,62.2266,-6.589,56.32,92,78,7.99
275,Lac-Megantic,CA,2022-06-06 17:20:59,45.5834,-70.8823,62.56,43,29,6.98
276,Harare,ZW,2022-06-06 17:16:19,-17.8294,31.0539,51.55,80,5,12.15
277,Tuatapere,NZ,2022-06-06 17:21:00,-46.1333,167.6833,46.65,80,100,6.71
278,Palimbang,PH,2022-06-06 17:21:00,6.2106,124.1894,78.51,86,99,6.02
279,Lazaro Cardenas,MX,2022-06-06 17:22:00,17.9583,-102.2,84.52,59,23,7.7
280,Olafsvik,IS,2022-06-06 17:22:01,64.8945,-23.7142,47.32,60,100,9.6
281,Buraydah,SA,2022-06-06 17:22:01,26.326,43.975,99.05,5,1,7.23
282,Port Elizabeth,ZA,2022-06-06 17:22:01,-33.918,25.5701,66.31,54,3,5.75
283,Kaitangata,NZ,2022-06-06 17:22:02,-46.2817,169.8464,46.89,77,53,4.63
284,Bengkulu,ID,2022-06-06 17:22:02,-3.8004,102.2655,76.01,91,100,4.09
285,Sovetskoye,RU,2022-06-06 17:22:02,52.2861,85.4131,43.48,82,8,4.79
286,Lakes Entrance,AU,2022-06-06 17:22:03,-37.8811,147.981,40.15,71,48,15.43
287,Amuntai,ID,2022-06-06 17:22:03,-2.4177,115.2494,73.31,98,44,0.6
288,Washington,US,2022-06-06 17:21:52,47.5001,-120.5015,62.78,44,1,6.46
289,Damaturu,NG,2022-06-06 17:22:04,11.747,11.9608,88.39,38,99,11.16
290,Taga,RO,2022-06-06 17:22:04,46.95,24.05,75.52,71,4,5.61
291,Yerbogachen,RU,2022-06-06 17:22:04,61.2767,108.0108,48.22,70,48,4.65
292,Kieta,PG,2022-06-06 17:22:05,-6.2167,155.6333,78.93,84,95,5.79
293,Meadow Lake,US,2022-06-06 17:22:05,34.8014,-106.5436,86.92,20,26,5.5
294,Iqaluit,CA,2022-06-06 17:22:05,63.7506,-68.5145,49.73,57,75,18.41
295,Isla Vista,US,2022-06-06 17:22:06,34.4133,-119.861,84.31,68,40,10.36
296,Kirillov,RU,2022-06-06 17:22:06,59.863,38.3813,53.31,54,6,7.45
297,Pecos,US,2022-06-06 17:19:45,31.4229,-103.4932,98.69,9,0,13.8
298,Doka,SD,2022-06-06 17:22:06,13.5167,35.7667,87.12,39,89,7.63
299,Livingston,GB,2022-06-06 17:22:07,55.9029,-3.5226,61.14,64,20,9.22
300,La Orilla,MX,2022-06-06 17:22:07,17.9833,-102.2333,84.81,58,21,8.19
301,Hit,IQ,2022-06-06 17:22:07,33.6416,42.8251,96.46,11,69,14.14
302,Kruisfontein,ZA,2022-06-06 17:22:08,-34.0033,24.7314,57.88,57,15,1.01
303,Vila Velha,BR,2022-06-06 17:22:08,-20.3297,-40.2925,76.95,69,40,8.05
304,Linhares,BR,2022-06-06 17:22:08,-19.3911,-40.0722,79.2,40,44,3.13
305,Missao Velha,BR,2022-06-06 17:22:09,-7.2497,-39.1431,79.29,65,75,13.8
306,Gidole,ET,2022-06-06 17:22:09,5.65,37.3667,61.75,64,99,1.99
307,Kodiak,US,2022-06-06 17:22:10,57.79,-152.4072,53.11,71,100,8.05
308,Belmonte,BR,2022-06-06 17:22:10,-15.8631,-38.8828,77.36,51,43,9.66
309,Palu,ID,2022-06-06 17:22:10,-0.8917,119.8707,75.16,96,78,2.98
310,Lunglei,IN,2022-06-06 17:22:11,22.8833,92.7333,68.4,98,83,1.52
311,Kampene,CD,2022-06-06 17:22:11,-3.6,26.6667,72.45,68,9,0.94
312,Finsterwalde,DE,2022-06-06 17:22:12,51.6333,13.7167,74.1,58,96,5.91
313,Mount Isa,AU,2022-06-06 17:22:12,-20.7333,139.5,60.57,51,15,8.05
314,Longyearbyen,SJ,2022-06-06 17:22:12,78.2186,15.6401,46.24,66,40,13.8
315,Flin Flon,CA,2022-06-06 17:22:13,54.7682,-101.865,64.24,42,75,5.75
316,Cherskiy,RU,2022-06-06 17:22:13,68.75,161.3,34.05,67,6,10.6
317,Margate,GB,2022-06-06 17:22:13,51.3813,1.3862,60.69,83,100,1.01
318,Beloha,MG,2022-06-06 17:22:14,-25.1667,45.05,67.73,78,56,15.35
319,Alekseyevka,RU,2022-06-06 17:22:14,50.6309,38.6903,60.66,79,3,7.25
320,Roald,NO,2022-06-06 17:22:14,62.5833,6.1333,62.17,67,0,8.05
321,Mazagao,BR,2022-06-06 17:22:15,-0.115,-51.2894,86.59,59,54,3.24
322,Sarangani,PH,2022-06-06 17:22:15,5.4033,125.4636,82.8,73,97,2.95
323,Maltahohe,NA,2022-06-06 17:22:15,-24.8333,16.9833,60.22,26,8,10.33
324,Yelizovo,RU,2022-06-06 17:22:16,53.1873,158.3805,42.94,86,100,2.24
325,Noumea,NC,2022-06-06 17:22:16,-22.2763,166.4572,73.0,99,49,3.74
326,Mayor Pablo Lagerenza,PY,2022-06-06 17:23:16,-19.9309,-60.7718,91.13,34,71,10.18
327,Biak,ID,2022-06-06 17:23:17,-0.9131,122.8766,76.23,83,97,1.99
328,Paamiut,GL,2022-06-06 17:23:17,61.994,-49.6678,38.28,88,5,8.61
329,Georgetown,MY,2022-06-06 17:18:58,5.4112,100.3354,82.33,93,40,5.75
330,Amapa,BR,2022-06-06 17:23:18,1.0,-52.0,89.91,47,71,1.7
331,Tezu,IN,2022-06-06 17:23:18,27.9167,96.1667,76.93,81,84,3.2
332,Ballina,AU,2022-06-06 17:23:19,-28.8667,153.5667,51.53,68,43,11.01
333,Laguna,US,2022-06-06 17:23:19,38.421,-121.4238,77.09,58,0,4.61
334,Russell,US,2022-06-06 17:23:19,32.3502,-85.1999,89.91,50,24,6.24
335,Airai,TL,2022-06-06 17:23:20,-8.9266,125.4092,58.1,92,94,2.84
336,Kavieng,PG,2022-06-06 17:23:20,-2.5744,150.7967,81.64,77,20,11.07
337,Praia,CV,2022-06-06 17:23:20,14.9215,-23.5087,82.94,54,20,16.11
338,Angoche,MZ,2022-06-06 17:23:21,-16.2325,39.9086,69.49,85,18,8.28
339,Champasak,LA,2022-06-06 17:23:21,14.75,106.0,74.26,97,100,1.88
340,Krasnoselkup,RU,2022-06-06 17:23:22,65.7,82.4667,39.76,47,76,6.78
341,Hambantota,LK,2022-06-06 17:23:22,6.1241,81.1185,79.02,84,98,15.01
342,Frontera,MX,2022-06-06 17:23:22,26.9333,-101.45,97.32,33,0,11.5
343,Coldwater,US,2022-06-06 17:23:23,41.9403,-85.0005,78.96,50,100,5.75
344,Santa Rosa,PH,2022-06-06 17:22:58,14.3122,121.1114,84.18,80,13,3.6
345,Puerto Leguizamo,CO,2022-06-06 17:23:23,-0.1934,-74.7819,84.47,70,73,2.46
346,Saldanha,ZA,2022-06-06 17:23:23,-33.0117,17.9442,69.85,39,38,5.7
347,Sant Feliu De Guixols,ES,2022-06-06 17:23:24,41.7833,3.0333,80.92,40,18,17.81
348,Kangaatsiaq,GL,2022-06-06 17:23:24,68.3065,-53.4641,33.8,70,26,15.1
349,Tumpat,MY,2022-06-06 17:23:24,6.1978,102.171,76.98,94,40,0.0
350,Kapuskasing,CA,2022-06-06 17:23:02,49.4169,-82.4331,60.89,67,100,10.36
351,Shahr-E Kord,IR,2022-06-06 17:23:25,32.3256,50.8644,74.97,19,40,4.61
352,Awbari,LY,2022-06-06 17:23:25,26.5921,12.7805,94.71,12,0,12.01
353,Setermoen,NO,2022-06-06 17:23:26,68.861,18.3486,54.43,36,90,5.99
354,Ligayan,PH,2022-06-06 17:23:26,4.6533,119.4706,83.75,70,53,8.19
355,Boyolangu,ID,2022-06-06 17:23:26,-8.1181,111.8935,76.08,92,100,0.6
356,Saint-Leu,RE,2022-06-06 17:23:27,-21.15,55.2833,72.46,75,63,11.7
357,Sao Joao Da Barra,BR,2022-06-06 17:23:27,-21.6403,-41.0511,80.69,53,25,15.28
358,Port-Cartier,CA,2022-06-06 17:23:27,50.0334,-66.8654,62.28,55,66,9.62
359,Namibe,AO,2022-06-06 17:23:28,-15.1961,12.1522,83.03,61,0,13.8
360,La Primavera,CO,2022-06-06 17:23:28,5.4906,-70.4092,82.29,73,89,6.33
361,Tromso,NO,2022-06-06 17:23:28,69.6496,18.957,51.82,46,75,25.32
362,Rafai,CF,2022-06-06 17:23:29,4.95,23.9167,78.71,63,75,1.05
363,Sorland,NO,2022-06-06 17:23:29,67.667,12.6934,44.46,76,100,32.84
364,Kingston,JM,2022-06-06 17:20:18,17.997,-76.7936,89.24,66,20,24.16
365,Eyl,SO,2022-06-06 17:23:30,7.9803,49.8164,79.52,79,75,23.04
366,Vila,PT,2022-06-06 17:23:30,42.0304,-8.1588,62.71,75,86,6.17
367,Tual,ID,2022-06-06 17:23:30,-5.6667,132.75,82.45,75,48,8.41
368,Aykino,RU,2022-06-06 17:23:30,62.2248,49.9922,57.27,85,22,4.5
369,Narsaq,GL,2022-06-06 17:23:31,60.9167,-46.05,59.22,85,100,6.42
370,Biloela,AU,2022-06-06 17:24:31,-24.4167,150.5,55.11,77,46,5.57
371,Altamira,BR,2022-06-06 17:24:32,-3.2033,-52.2064,72.14,98,100,4.05
372,Touros,BR,2022-06-06 17:24:33,-5.1989,-35.4608,83.26,66,17,15.66
373,Aksarka,RU,2022-06-06 17:24:33,66.5606,67.7975,51.93,46,25,9.08
374,Salalah,OM,2022-06-06 17:24:34,17.0151,54.0924,86.09,74,75,6.91
375,Comodoro Rivadavia,AR,2022-06-06 17:24:34,-45.8667,-67.5,53.46,35,0,18.41
376,Seoul,KR,2022-06-06 17:24:16,37.5683,126.9778,60.4,65,75,5.75
377,Bulungu,CD,2022-06-06 17:24:35,-4.55,18.6,78.01,48,37,0.81
378,Karratha,AU,2022-06-06 17:24:36,-20.7377,116.8463,70.0,49,0,13.44
379,Forecariah,GN,2022-06-06 17:24:36,9.4306,-13.0881,83.62,73,99,6.31
380,Tilichiki,RU,2022-06-06 17:24:36,60.4667,166.1,41.45,96,100,3.65
381,Biggar,GB,2022-06-06 17:24:37,55.6167,-3.5167,59.29,59,100,7.49
382,Alice Springs,AU,2022-06-06 17:23:03,-23.7,133.8833,42.35,100,60,0.0
383,Sulangan,PH,2022-06-06 17:24:38,11.1373,123.7228,84.11,69,41,3.69
384,Northam,GB,2022-06-06 17:24:38,51.0333,-4.2167,63.66,82,66,5.28
385,Cidreira,BR,2022-06-06 17:24:39,-30.1811,-50.2056,66.78,92,100,3.8
386,Zhuzhou,CN,2022-06-06 17:24:39,27.8333,113.15,78.93,91,70,2.93
387,Xichang,CN,2022-06-06 17:24:40,27.8964,102.2634,62.92,75,99,1.81
388,Ban Tak,TH,2022-06-06 17:24:40,17.0432,99.0813,77.61,80,100,5.1
389,Kyra,RU,2022-06-06 17:24:41,49.5776,111.9753,50.4,62,51,2.66
390,Gazojak,TM,2022-06-06 17:24:41,41.1875,61.4036,89.96,7,0,7.58
391,Dir,PK,2022-06-06 17:24:42,35.2058,71.8756,71.64,35,47,9.17
392,Gbarnga,LR,2022-06-06 17:24:43,6.9956,-9.4722,75.47,91,100,4.61
393,Dutlwe,BW,2022-06-06 17:24:43,-23.9833,23.9,58.48,39,32,8.95
394,Sfantu Gheorghe,RO,2022-06-06 17:24:44,45.8667,25.7833,65.93,72,28,8.75
395,Mangan,IN,2022-06-06 17:24:44,27.5167,88.5333,76.1,93,97,0.56
396,Ostrovnoy,RU,2022-06-06 17:24:44,68.0531,39.5131,41.95,95,100,13.78
397,Ucluelet,CA,2022-06-06 17:24:45,48.9329,-125.5528,54.09,93,100,1.01
398,Dalianwan,CN,2022-06-06 17:24:45,39.0286,121.695,62.64,77,75,11.18
399,Nouadhibou,MR,2022-06-06 17:24:46,20.931,-17.0347,75.18,64,38,20.71
400,Am Timan,TD,2022-06-06 17:24:46,11.0297,20.2827,97.88,19,21,2.35
401,Batemans Bay,AU,2022-06-06 17:24:47,-35.7167,150.1833,50.09,58,15,10.71
402,Mezen,RU,2022-06-06 17:24:47,65.8522,44.24,50.72,95,99,7.9
403,Beyneu,KZ,2022-06-06 17:24:49,45.3167,55.2,90.43,14,81,6.49
404,Notre-Dame-Du-Lac,CA,2022-06-06 17:24:49,47.6136,-68.7964,62.94,59,99,3.62
405,Saiha,IN,2022-06-06 17:24:49,22.4833,92.9667,71.47,98,97,0.65
406,Revelstoke,CA,2022-06-06 17:23:12,50.9832,-118.2023,59.02,77,100,2.3
407,Simpang,ID,2022-06-06 17:24:51,-1.2667,104.0833,73.99,94,100,2.91
408,Turukhansk,RU,2022-06-06 17:24:52,65.8167,87.9833,40.19,48,73,3.13
409,Bilma,NE,2022-06-06 17:24:53,18.6853,12.9164,93.25,23,88,7.36
410,Roma,US,2022-06-06 17:23:54,43.2128,-75.4557,76.08,53,100,9.22
411,Gemena,CD,2022-06-06 17:24:54,3.25,19.7667,76.15,79,29,2.46
412,Raudeberg,NO,2022-06-06 17:24:55,61.9875,5.1352,59.67,68,25,18.92
413,Khasan,RU,2022-06-06 17:24:56,42.4308,130.6434,50.77,85,100,3.36
414,Sakaiminato,JP,2022-06-06 17:25:57,35.55,133.2333,64.38,82,75,3.44
415,Esperance,AU,2022-06-06 17:25:57,-33.8667,121.9,55.54,62,100,4.92
416,Solton,RU,2022-06-06 17:25:58,52.8429,86.4787,39.94,83,5,4.27
417,Ngunguru,NZ,2022-06-06 17:25:58,-35.6167,174.5,57.69,88,95,2.91
418,Solhan,TR,2022-06-06 17:25:59,38.9634,41.0293,61.57,40,25,4.16
419,San Cristobal,VE,2022-06-06 17:25:59,7.7669,-72.225,80.78,43,34,6.82
420,Dingle,PH,2022-06-06 17:26:00,10.9995,122.6711,76.68,87,15,3.33
421,Talcahuano,CL,2022-06-06 17:26:00,-36.7167,-73.1167,53.28,94,100,8.05
422,Ardmore,US,2022-06-06 17:23:19,34.1743,-97.1436,85.86,65,0,13.8
423,Carutapera,BR,2022-06-06 17:26:00,-1.195,-46.02,79.18,91,73,5.44
424,Spirit River,CA,2022-06-06 17:26:01,55.7833,-118.8361,55.83,95,100,7.45
425,Tucuman,AR,2022-06-06 17:26:01,-26.8241,-65.2226,68.0,52,20,3.44
426,Coahuayana,MX,2022-06-06 17:26:01,18.7333,-103.6833,85.91,60,37,6.11
427,Luangwa,ZM,2022-06-06 17:26:02,-15.6167,30.4167,64.76,53,5,2.35
428,Sinaloa,MX,2022-06-06 17:26:03,25.0,-107.5,87.12,58,6,5.01
429,Uyskoye,RU,2022-06-06 17:26:04,54.3775,60.0047,57.13,96,100,13.96
430,Kasempa,ZM,2022-06-06 17:26:05,-13.4584,25.8338,57.94,46,35,5.68
431,Mnogovershinnyy,RU,2022-06-06 17:26:06,53.9353,139.9242,51.57,65,36,2.77
432,Moree,AU,2022-06-06 17:26:07,-29.4667,149.85,44.38,79,3,6.69
433,Kot Diji,PK,2022-06-06 17:26:07,27.3427,68.7083,95.02,32,0,23.96
434,Bella Union,UY,2022-06-06 17:26:08,-30.2752,-57.6007,60.44,84,100,8.23
435,Alamosa,US,2022-06-06 17:26:08,37.4695,-105.87,73.38,21,20,6.91
436,Gizo,SB,2022-06-06 17:26:09,-8.103,156.8419,80.58,76,100,7.65
437,Bedford,GB,2022-06-06 17:23:23,52.1346,-0.4663,61.66,77,75,4.61
438,Eydhafushi,MV,2022-06-06 17:26:10,5.1033,73.0708,82.85,77,98,12.41
439,Panzhihua,CN,2022-06-06 17:26:10,26.5851,101.7128,67.91,84,100,1.39
440,Sinjar,IQ,2022-06-06 17:26:10,36.3209,41.8754,87.78,15,18,12.46
441,Cody,US,2022-06-06 17:22:27,44.5263,-109.0565,67.01,48,75,13.0
442,Chirawa,IN,2022-06-06 17:23:41,28.2408,75.6448,97.16,17,45,17.4
443,Tautira,PF,2022-06-06 17:26:11,-17.7333,-149.15,79.75,75,32,18.19
444,Provideniya,RU,2022-06-06 17:26:11,64.3833,-173.3,43.63,66,80,1.72
445,Eenhana,NA,2022-06-06 17:26:12,-17.4667,16.3333,64.15,27,61,8.03
446,Goulburn,AU,2022-06-06 17:26:13,-34.75,149.7167,39.31,85,49,19.73
447,Nanga Eboko,CM,2022-06-06 17:26:15,4.6833,12.3667,70.83,95,92,2.37
448,Okhotsk,RU,2022-06-06 17:26:16,59.3833,143.3,44.76,81,59,1.52
449,Hashtrud,IR,2022-06-06 17:26:16,37.4779,47.0508,64.24,55,78,8.08
450,Sobolevo,RU,2022-06-06 17:26:17,54.4299,31.8996,61.88,75,92,5.46
451,Zhenjiang,CN,2022-06-06 17:26:17,32.2092,119.4342,72.81,81,6,10.54
452,Emerald,AU,2022-06-06 17:23:29,-23.5333,148.1667,55.35,93,41,7.92
453,Altavilla Vicentina,IT,2022-06-06 17:26:19,45.5155,11.4587,86.27,32,84,5.77
454,Teguise,ES,2022-06-06 17:26:21,29.0605,-13.564,70.02,64,20,20.71
455,Palmer,US,2022-06-06 17:26:21,42.1584,-72.3287,81.86,31,27,1.01
456,Colares,PT,2022-06-06 17:26:22,38.7992,-9.4469,78.48,67,20,10.36
457,Mindelo,CV,2022-06-06 17:26:23,16.8901,-24.9804,78.35,61,20,28.77
458,Poum,NC,2022-06-06 17:26:24,-20.2333,164.0167,75.67,73,57,8.16
459,Trelew,AR,2022-06-06 17:26:24,-43.249,-65.3051,59.25,35,78,4.12
460,Carauari,BR,2022-06-06 17:26:26,-4.8828,-66.8958,82.15,79,90,2.59
461,Barmer,IN,2022-06-06 17:26:26,25.75,71.3833,88.74,35,1,26.08
462,Sorong,ID,2022-06-06 17:26:28,-0.8833,131.25,77.85,83,92,4.0
463,Myitkyina,MM,2022-06-06 17:27:29,25.3833,97.4,74.5,95,56,2.04
464,Sola,VU,2022-06-06 17:27:29,-13.8833,167.55,80.4,78,99,18.97
465,Mastic Beach,US,2022-06-06 17:27:30,40.7668,-72.8521,80.42,46,20,11.5
466,Port Hueneme,US,2022-06-06 17:27:31,34.1478,-119.1951,82.38,78,100,8.05
467,Coquimbo,CL,2022-06-06 17:27:33,-29.9533,-71.3436,62.33,59,0,10.36
468,Strand,ZA,2022-06-06 17:27:34,-34.1069,18.8275,69.44,40,6,4.09
469,Campoverde,PE,2022-06-06 17:27:35,-8.4753,-74.8058,83.89,55,70,1.81
470,Palmas Bellas,PA,2022-06-06 17:27:36,9.2319,-80.0867,84.0,75,97,1.3
471,Walvis Bay,NA,2022-06-06 17:27:37,-22.9575,14.5053,81.55,22,0,6.91
472,Abu Samrah,SY,2022-06-06 17:27:38,35.3029,37.1841,78.24,32,0,14.16
473,Banda Aceh,ID,2022-06-06 17:27:38,5.5577,95.3222,80.85,79,95,8.86
474,Lompoc,US,2022-06-06 17:27:39,34.6391,-120.4579,74.61,82,40,15.99
475,Fort Nelson,CA,2022-06-06 17:27:40,58.8053,-122.7002,58.59,82,75,4.61
476,Leshukonskoye,RU,2022-06-06 17:27:40,64.8989,45.7622,55.62,89,98,5.93
477,Arlit,NE,2022-06-06 17:27:42,18.7369,7.3853,98.56,15,78,8.99
478,Mackay,AU,2022-06-06 17:26:15,-21.15,149.2,68.68,83,100,10.31
479,Champoton,MX,2022-06-06 17:27:42,19.35,-90.7167,90.03,55,98,3.33
480,Kaa-Khem,RU,2022-06-06 17:27:43,51.6833,94.7333,45.79,74,4,5.35
481,Erzin,TR,2022-06-06 17:27:43,36.9559,36.2,70.72,88,54,4.97
482,Labuhan,ID,2022-06-06 17:27:43,-6.8844,112.2051,79.09,86,98,4.41
483,Hasaki,JP,2022-06-06 17:27:43,35.7333,140.8333,63.28,86,100,23.89
484,Berlevag,NO,2022-06-06 17:27:44,70.8578,29.0864,48.15,61,24,5.75
485,Solnechnyy,RU,2022-06-06 17:27:44,50.7214,136.6319,54.01,64,4,3.83
486,Asau,RO,2022-06-06 17:25:55,46.4333,26.4,68.92,78,73,3.4
487,Asenovgrad,BG,2022-06-06 17:27:46,42.0167,24.8667,74.91,69,75,6.91
488,Plouzane,FR,2022-06-06 17:27:46,48.3833,-4.6167,61.12,100,100,12.66
489,Tutoia,BR,2022-06-06 17:27:46,-2.7619,-42.2744,81.41,78,31,3.89
490,Petropavlovsk-Kamchatskiy,RU,2022-06-06 17:27:47,53.0452,158.6483,41.59,87,100,2.24
491,Dunedin,NZ,2022-06-06 17:27:47,-45.8742,170.5036,49.8,72,64,4.0
492,Kumeny,RU,2022-06-06 17:27:47,58.1089,49.9161,55.99,84,92,3.71
493,Fare,PF,2022-06-06 17:27:48,-16.7,-151.0167,80.71,73,9,18.92
494,Summerville,US,2022-06-06 17:23:36,33.0185,-80.1757,86.11,55,0,11.5
495,Apt,FR,2022-06-06 17:27:48,43.8833,5.4,81.75,27,47,10.25
496,Aripuana,BR,2022-06-06 17:27:48,-9.1667,-60.6333,87.44,55,68,2.35
497,Cockburn Town,TC,2022-06-06 17:27:14,21.4612,-71.1419,80.85,83,59,15.86
498,Uusikaupunki,FI,2022-06-06 17:27:49,60.8004,21.4084,56.3,50,1,2.44
499,Kutum,SD,2022-06-06 17:27:49,14.2,24.6667,88.99,11,8,8.68
500,Norden,DE,2022-06-06 17:27:49,53.6,7.2,55.99,95,81,17.92
501,La Rioja,ES,2022-06-06 17:27:43,42.25,-2.5,74.98,44,90,6.4
502,Ilhabela,BR,2022-06-06 17:26:17,-23.7781,-45.3581,74.66,65,79,4.27
503,Den Helder,NL,2022-06-06 17:27:51,52.9599,4.7593,54.99,88,75,17.27
504,Sistranda,NO,2022-06-06 17:27:52,63.7256,8.834,53.56,70,60,9.19
505,Ahipara,NZ,2022-06-06 17:27:53,-35.1667,173.1667,55.9,93,99,5.17
506,Chanal,MX,2022-06-06 17:27:54,16.7167,-92.4,73.78,51,81,1.01
507,Te Anau,NZ,2022-06-06 17:28:55,-45.4167,167.7167,46.42,83,95,4.43
508,Misawa,JP,2022-06-06 17:28:55,40.6836,141.3597,50.61,93,100,20.71
509,Yumen,CN,2022-06-06 17:28:56,40.2833,97.2,69.13,19,6,15.26
510,Dom Pedrito,BR,2022-06-06 17:26:55,-30.9828,-54.6731,58.17,98,100,8.1
511,Chlorakas,CY,2022-06-06 17:28:59,34.8042,32.4083,76.08,73,40,8.05
512,Liverpool,GB,2022-06-06 17:29:00,53.4106,-2.9779,60.3,75,75,3.44
513,Keokuk,US,2022-06-06 17:29:01,40.3973,-91.3849,81.12,78,20,8.05
514,Bailen,ES,2022-06-06 17:29:02,38.0964,-3.7779,93.4,10,39,11.1
515,North Bend,US,2022-06-06 17:29:02,43.4065,-124.2243,63.25,93,20,8.05
516,Gorontalo,ID,2022-06-06 17:29:03,0.5412,123.0595,74.44,95,67,2.75
517,Copiapo,CL,2022-06-06 17:29:04,-27.3667,-70.3333,62.29,26,0,4.92
518,Laurentides,CA,2022-06-06 17:29:05,46.4334,-74.9826,72.0,40,95,4.36
519,Sukhumi,GE,2022-06-06 17:29:06,43.0033,41.0153,67.77,96,84,1.07
520,Bambanglipuro,ID,2022-06-06 17:29:07,-7.95,110.2833,77.11,90,100,5.12
521,Yeppoon,AU,2022-06-06 17:29:08,-23.1333,150.7333,62.38,83,94,3.6
522,Nanning,CN,2022-06-06 17:29:10,22.8167,108.3167,79.25,91,90,2.62
523,Tessalit,ML,2022-06-06 17:29:10,20.1986,1.0114,105.75,6,52,4.63
524,Sterling,US,2022-06-06 17:24:38,39.0062,-77.4286,83.17,36,20,15.01
525,Porto Velho,BR,2022-06-06 17:29:12,-8.7619,-63.9039,87.85,58,40,5.75
526,Myaundzha,RU,2022-06-06 17:29:12,63.0494,147.1858,42.22,82,96,3.18
527,Khilok,RU,2022-06-06 17:29:13,51.3674,110.4676,47.86,79,82,3.89
528,Bowmore,US,2022-06-06 17:29:14,34.9421,-79.3031,88.81,25,0,8.05
529,Canchungo,GW,2022-06-06 17:29:14,12.0672,-16.0333,87.78,56,21,13.15
530,Manakara,MG,2022-06-06 17:29:15,-22.1333,48.0167,68.92,86,8,7.9
531,Jiangyou,CN,2022-06-06 17:29:15,31.7667,104.7167,75.13,72,94,1.23
532,Port Blair,IN,2022-06-06 17:29:15,11.6667,92.75,82.06,77,100,18.19
533,Misasi,TZ,2022-06-06 17:27:20,-3.0,33.0833,73.49,56,77,3.6
534,Prince Rupert,CA,2022-06-06 17:29:16,54.3161,-130.3201,53.69,72,100,18.41
535,Mokobeng,BW,2022-06-06 17:29:17,-22.9965,27.6678,59.92,49,1,6.31
536,Waddan,LY,2022-06-06 17:29:18,29.1614,16.139,95.86,15,0,17.18
537,Les Cayes,HT,2022-06-06 17:29:20,18.2,-73.75,85.46,66,82,12.53
538,Baherden,TM,2022-06-06 17:29:20,38.4362,57.4316,90.54,10,0,6.46
539,Guaruja,BR,2022-06-06 17:29:21,-23.9931,-46.2564,77.9,26,0,4.61
540,Urengoy,RU,2022-06-06 17:29:22,65.9667,78.3667,41.65,50,93,3.02
541,Hirna,ET,2022-06-06 17:29:23,9.2167,41.1,68.32,62,98,7.29
542,Gandhidham,IN,2022-06-06 17:29:24,23.0833,70.1333,84.4,68,13,16.51
543,Angoram,PG,2022-06-06 17:29:24,-4.0625,144.0661,72.75,99,61,1.5
544,Adrar,MR,2022-06-06 17:29:25,20.5022,-10.0711,107.02,7,83,19.55
545,Madaoua,NE,2022-06-06 17:29:26,14.073,5.96,93.65,28,100,5.68
546,Lannion,FR,2022-06-06 17:29:27,48.75,-3.4167,63.01,82,100,11.5
547,Darhan,MN,2022-06-06 17:29:28,49.4867,105.9228,57.74,65,83,3.24
548,Linkoping,SE,2022-06-06 17:29:29,58.4109,15.6216,64.81,60,75,12.66
549,Nabire,ID,2022-06-06 17:25:08,-3.3667,135.4833,74.7,90,24,3.51
550,Santo Antonio Do Ica,BR,2022-06-06 17:29:30,-3.1022,-67.9397,87.44,58,99,2.57
551,Mocuba,MZ,2022-06-06 17:29:30,-16.8392,36.9856,64.56,99,100,4.09
552,Puno,PE,2022-06-06 17:30:32,-15.8333,-70.0333,56.77,35,26,3.98
553,Bridlington,GB,2022-06-06 17:30:32,54.0831,-0.1919,59.9,79,100,15.03
554,Haveli,PK,2022-06-06 17:30:33,30.4502,73.6989,101.95,10,42,5.46
555,Luwingu,ZM,2022-06-06 17:30:33,-10.2621,29.9271,62.47,57,100,4.85
556,Vestmanna,FO,2022-06-06 17:30:34,62.1564,-7.1664,52.72,82,20,8.05
557,Laela,TZ,2022-06-06 17:30:34,-8.5667,32.05,58.82,74,69,7.74
558,Ponnani,IN,2022-06-06 17:30:34,10.767,75.9252,79.92,84,100,2.55
559,Shenjiamen,CN,2022-06-06 17:30:35,29.9576,122.298,68.68,93,75,13.53
560,Changji,CN,2022-06-06 17:30:35,44.0167,87.3167,74.19,25,0,4.47
561,Anzio,IT,2022-06-06 17:30:35,41.4853,12.6179,87.69,45,100,14.54
562,Havre-Saint-Pierre,CA,2022-06-06 17:30:36,50.2334,-63.5986,62.96,48,40,17.27
563,Lamar,US,2022-06-06 17:30:36,33.6668,-95.5836,87.98,78,100,13.8
564,Nichinan,JP,2022-06-06 17:30:37,31.6,131.3667,64.63,90,73,7.16
565,Grand Gaube,MU,2022-06-06 17:30:38,-20.0064,57.6608,72.0,75,5,5.01
566,Tonj,SS,2022-06-06 17:30:38,7.2737,28.6822,75.7,73,73,7.87
567,Sortavala,RU,2022-06-06 17:30:39,61.7053,30.6918,53.73,58,13,4.7
568,Lexington,US,2022-06-06 17:27:09,37.9887,-84.4777,84.2,53,40,17.27
569,Pangody,RU,2022-06-06 17:30:41,65.85,74.4859,38.8,68,93,4.56
570,Hvolsvollur,IS,2022-06-06 17:30:42,63.7533,-20.2243,52.47,73,99,11.5
571,Altus,US,2022-06-06 17:28:57,34.6381,-99.334,87.87,50,0,9.22
572,Deloraine,AU,2022-06-06 17:30:45,-41.5333,146.6667,30.99,15,25,3.15
573,Hofn,IS,2022-06-06 17:30:45,64.2539,-15.2082,46.42,66,75,14.97
574,Razole,IN,2022-06-06 17:30:46,16.4833,81.8333,85.08,71,84,5.66
575,Fiumicino,IT,2022-06-06 17:29:29,41.7675,12.2291,90.54,64,0,14.97
576,Waipawa,NZ,2022-06-06 17:30:47,-41.4122,175.5153,46.78,90,10,5.48
577,Skiathos,GR,2022-06-06 17:30:47,39.1623,23.4909,73.56,83,40,17.27
578,San Jeronimo,PE,2022-06-06 17:30:48,-11.9472,-75.2829,62.53,40,17,1.3
579,Issoudun,FR,2022-06-06 17:30:48,47.0,1.8333,65.05,88,100,8.05
580,Dakar,SN,2022-06-06 17:27:11,14.6937,-17.4441,82.53,74,40,9.22
